<?xml version="1.0" encoding="windows-1252" ?>
<!DOCTYPE Entity SYSTEM "jbo_03_01.dtd">
<!---->
<Entity
  xmlns="http://xmlns.oracle.com/bc4j"
  Name="ItlUom"
  Version="12.2.1.0.31"
  InheritPersonalization="merge"
  DBObjectType="table"
  DBObjectName="ITL_INV_UOM"
  AliasName="ItlUom"
  BindingStyle="OracleName">
  <Attribute
    Name="UomCode"
    IsNotNull="true"
    Precision="40"
    ColumnName="UOM_CODE"
    SQLType="VARCHAR"
    Type="java.lang.String"
    ColumnType="VARCHAR2"
    TableName="ITL_INV_UOM"
    PrimaryKey="true">
    <DesignTime>
      <Attr Name="_DisplaySize" Value="40"/>
    </DesignTime>
  </Attribute>
  <Attribute
    Name="UnitOfMeasure"
    Precision="40"
    ColumnName="UNIT_OF_MEASURE"
    SQLType="VARCHAR"
    Type="java.lang.String"
    ColumnType="VARCHAR2"
    TableName="ITL_INV_UOM">
    <DesignTime>
      <Attr Name="_DisplaySize" Value="40"/>
    </DesignTime>
  </Attribute>
  <Attribute
    Name="Description"
    Precision="240"
    ColumnName="DESCRIPTION"
    SQLType="VARCHAR"
    Type="java.lang.String"
    ColumnType="VARCHAR2"
    TableName="ITL_INV_UOM">
    <DesignTime>
      <Attr Name="_DisplaySize" Value="240"/>
    </DesignTime>
  </Attribute>
  <Key
    Name="ItlInvUomPk"
    PrimaryKey="true">
    <DesignTime>
      <Attr Name="_DBObjectName" Value="ITL_INV_UOM_PK"/>
    </DesignTime>
    <AttrArray Name="Attributes">
      <Item Value="com.infy.semintegration.common.model.entities.ItlUom.UomCode"/>
    </AttrArray>
  </Key>
</Entity>
