<?xml version="1.0" encoding="UTF-8" ?>
<pageDefinition xmlns="http://xmlns.oracle.com/adfm/uimodel"
                version="11.1.1.66.73"
                id="TimeCardTaskFlow_TimeCardTaskFlow_CreateInsertPageDef"
                Package="com.infy.semintegration.common.taskflows"
                SkipValidation="true">
  <parameters/>
  <executables>
    <iterator Binds="TimeCardHeader" RangeSize="25"
              DataControl="CommonAppModuleDataControl"
              id="TimeCardHeaderIterator"/>
  </executables>
  <bindings>
    <action IterBinding="TimeCardHeaderIterator" id="CreateInsert"
            RequiresUpdateModel="true" Action="createInsertRow"/>
    <action IterBinding="TimeCardHeaderIterator" id="Createwithparameters"
            InstanceName="CommonAppModuleDataControl.TimeCardHeader"
            DataControl="CommonAppModuleDataControl" RequiresUpdateModel="true"
            Action="createWithParams">
      <NamedData NDName="SupplierId" NDType="java.lang.String"
                 NDValue="#{sessionScope.role eq 'SUPPLIER' ? null : null}"/>
    </action>
  </bindings>
</pageDefinition>
