<?xml version="1.0" encoding="UTF-8" ?>
<pageDefinition xmlns="http://xmlns.oracle.com/adfm/uimodel"
                version="11.1.1.66.73" id="RateCardsPageDef"
                Package="com.infy.semintegration.common.pages">
  <parameters/>
  <executables>
    <variableIterator id="variables">
      <variable Name="PoHeaderId" Type="java.lang.String"/>
      <variable Name="SupplierId" Type="java.lang.String"/>
      <variable Name="RateCardNumber" Type="java.lang.String"
                DefaultValue="#{sessionScope.role eq 'SUPPLIER' ? sessionScope.partyId : null}"/>
     <variable Name="SupplierSiteId" Type="java.lang.String"/>
    </variableIterator>
    <iterator Binds="RateCardHeader" RangeSize="-1"
              DataControl="CommonAppModuleDataControl"
              id="RateCardHeaderIterator"/>
    <searchRegion Criteria="RateCardSearchViewCriteria"
                  Customizer="oracle.jbo.uicli.binding.JUSearchBindingCustomizer"
                  Binds="RateCardHeaderIterator"
                  id="RateCardSearchViewCriteriaQuery"/>
    <iterator id="SupplierLOVIterator" Binds="SupplierLOV"
              DataControl="CommonAppModuleDataControl" RangeSize="-1"/>
    <iterator id="SupplierSitesLOVIterator" Binds="SupplierSitesLOV"
              DataControl="CommonAppModuleDataControl" RangeSize="-1"/>
    <iterator id="ContractsLOVIterator" Binds="ContractsLOV"
              DataControl="CommonAppModuleDataControl" RangeSize="-1"/>
    <iterator id="RateCardLineIterator" Binds="RateCardLine"
              DataControl="CommonAppModuleDataControl" RangeSize="25"/>
    <iterator id="RateCardSearchIterator" Binds="RateCardSearch"
              DataControl="CommonAppModuleDataControl" RangeSize="25"/>
  </executables>
  <bindings>
    <tree IterBinding="RateCardHeaderIterator" id="RateCardHeader">
      <nodeDefinition DefName="com.infy.semintegration.common.model.view.RateCardHeaderView"
                      Name="RateCardHeader0">
        <AttrNames>
          <Item Value="RateCardNumber"/>
          <Item Value="ContractNumber"/>
          <Item Value="SupplierName"/>
          <Item Value="SupplierSiteName"/>
          <Item Value="ProcurementBu"/>
          <Item Value="ApprovedBy"/>
          <Item Value="EffectiveDateFrom"/>
          <Item Value="EffectiveDateTo"/>
          <Item Value="ApprovedDate"/>
          <Item Value="FullName"/>
          <Item Value="BuName"/>
        </AttrNames>
      </nodeDefinition>
    </tree>
    <action IterBinding="SupplierSitesLOVIterator" id="ExecuteSupplierSites"
            InstanceName="CommonAppModuleDataControl.SupplierSitesLOV"
            DataControl="CommonAppModuleDataControl" RequiresUpdateModel="true"
            Action="executeWithParams">
      <NamedData NDName="bSupplierId" NDType="java.lang.String"/>
    </action>
    <action id="Commit" DataControl="CommonAppModuleDataControl"
            RequiresUpdateModel="true" Action="commitTransaction"/>
    <action id="Rollback" DataControl="CommonAppModuleDataControl"
            RequiresUpdateModel="false" Action="rollbackTransaction"/>
    <attributeValues IterBinding="variables" id="PoHeaderId1">
      <AttrNames>
        <Item Value="PoHeaderId"/>
      </AttrNames>
    </attributeValues>
    <attributeValues IterBinding="variables" id="RateCardNumber1">
      <AttrNames>
        <Item Value="RateCardNumber"/>
      </AttrNames>
    </attributeValues>
    <action IterBinding="RateCardHeaderIterator" id="SearchRateCards"
            InstanceName="CommonAppModuleDataControl.RateCardHeader"
            DataControl="CommonAppModuleDataControl" RequiresUpdateModel="true"
            Action="executeWithParams">
      <NamedData NDName="bRateCardNumber" NDType="java.lang.String"/>
      <NamedData NDName="bPoHeaderId" NDType="java.lang.String"/>
      <NamedData NDName="bSupplierId" NDType="java.lang.String"/>
     <NamedData NDName="bSupplierSiteId" NDValue="" NDType="java.lang.String"/>
    </action>
    <list StaticList="false" IterBinding="variables"
          ListIter="SupplierLOVIterator" id="SupplierId2">
      <AttrNames>
        <Item Value="SupplierId"/>
      </AttrNames>
      <ListAttrNames>
        <Item Value="SupplierId"/>
      </ListAttrNames>
      <ListDisplayAttrNames>
        <Item Value="SupplierName"/>
      </ListDisplayAttrNames>
    </list>
    <list StaticList="false" IterBinding="variables"
          ListIter="ContractsLOVIterator" id="PoHeaderId2">
      <AttrNames>
        <Item Value="PoHeaderId"/>
        <Item Value="SupplierId"/>
      </AttrNames>
      <ListAttrNames>
        <Item Value="PoHeaderId"/>
        <Item Value="SupplierId"/>
      </ListAttrNames>
      <ListDisplayAttrNames>
        <Item Value="OrderNumber"/>
      </ListDisplayAttrNames>
    </list>
    <attributeValues IterBinding="variables" id="SupplierId1">
      <AttrNames>
        <Item Value="SupplierId"/>
      </AttrNames>
    </attributeValues>
    <action IterBinding="ContractsLOVIterator" id="ExecuteContractLOV"
            InstanceName="CommonAppModuleDataControl.ContractsLOV"
            DataControl="CommonAppModuleDataControl" RequiresUpdateModel="true"
            Action="executeWithParams">
      <NamedData NDName="bBuyerId" NDType="java.lang.String"/>
      <NamedData NDName="bSupplierSiteId" NDType="java.lang.String"/>
    </action>
    <list IterBinding="variables" StaticList="false" id="SupplierSiteId2" DTSupportsMRU="true"
          ListIter="SupplierSitesLOVIterator">
      <AttrNames>
        <Item Value="SupplierId"/>
      </AttrNames>
      <ListAttrNames>
        <Item Value="SupplierId"/>
      </ListAttrNames>
      <ListDisplayAttrNames>
        <Item Value="SupplierSiteName"/>
      </ListDisplayAttrNames>
    </list>
  </bindings>
</pageDefinition>
