<?xml version="1.0" encoding="UTF-8" ?>
<pageDefinition xmlns="http://xmlns.oracle.com/adfm/uimodel"
                version="11.1.1.66.73" id="TimeCardEditPageDef"
                Package="com.infy.semintegration.common.pages">
  <parameters/>
  <executables>
    <variableIterator id="variables">
      <variableUsage DataControl="CommonAppModuleDataControl" Binds="TimeCardApproverView.variablesMap.bPONum"
                     Name="ExecuteWithParams_bPONum" IsQueriable="false"/>
      <variableUsage DataControl="CommonAppModuleDataControl" Binds="TimeCardApproverView.variablesMap.bPONum"
                     Name="ExecuteApprover_bPONum" IsQueriable="false"/>
    </variableIterator>
    <iterator Binds="TimeCardHeader" RangeSize="-1"
              DataControl="CommonAppModuleDataControl"
              id="TimeCardHeaderIterator"/>
    <iterator Binds="TimeCardLine" RangeSize="25"
              DataControl="CommonAppModuleDataControl"
              id="TimeCardLineIterator"/>
    <iterator Binds="LaborCharges" RangeSize="25"
              DataControl="CommonAppModuleDataControl"
              id="LaborChargesIterator"/>
    <searchRegion Binds="LaborChargesIterator" Criteria=""
                  Customizer="oracle.jbo.uicli.binding.JUSearchBindingCustomizer"
                  id="LaborChargesQuery"/>
    <iterator Binds="MaterialCharges" RangeSize="25"
              DataControl="CommonAppModuleDataControl"
              id="MaterialChargesIterator"/>
    <searchRegion Binds="MaterialChargesIterator" Criteria=""
                  Customizer="oracle.jbo.uicli.binding.JUSearchBindingCustomizer"
                  id="MaterialChargesQuery"/>
    <iterator Binds="OtherExpenses" RangeSize="25"
              DataControl="CommonAppModuleDataControl"
              id="OtherExpensesIterator"/>
    <searchRegion Binds="OtherExpensesIterator" Criteria=""
                  Customizer="oracle.jbo.uicli.binding.JUSearchBindingCustomizer"
                  id="OtherExpensesQuery"/>
    <iterator Binds="RatesForTimeCards" RangeSize="10"
              DataControl="CommonAppModuleDataControl"
              id="RatesForTimeCardsIterator"/>
    <iterator Binds="TimeCardApproverView" RangeSize="-1" DataControl="CommonAppModuleDataControl"
              id="TimeCardApproverViewIterator"/>
    <iterator id="StandardPOLOVIterator" Binds="StandardPOLOV" DataControl="CommonAppModuleDataControl" RangeSize="25"/>
    <iterator id="EmployeeViewIterator" Binds="EmployeeView" DataControl="CommonAppModuleDataControl" RangeSize="25"/>
    <iterator id="POHeaderViewIterator" Binds="POHeaderView" DataControl="CommonAppModuleDataControl" RangeSize="25"/>
    <iterator id="RateCardLineIterator" Binds="RateCardLine" DataControl="CommonAppModuleDataControl" RangeSize="25"/>
    <iterator id="RateCardLineLOV1Iterator" Binds="RateCardLineLOV1" DataControl="CommonAppModuleDataControl"
              RangeSize="25"/>
    <iterator id="RateCardHeaderToLineView1Iterator" Binds="RateCardHeaderToLineView1"
              DataControl="CommonAppModuleDataControl" RangeSize="-1"/>
    <iterator id="POLinesView1Iterator" Binds="POLinesView1" DataControl="CommonAppModuleDataControl" RangeSize="25"/>
    <iterator Binds="POHeaderView" RangeSize="-1" DataControl="CommonAppModuleDataControl" id="POHeaderViewIterator1"/>
    <iterator id="POHeaderContractView1Iterator" Binds="POHeaderContractView1" DataControl="CommonAppModuleDataControl"
              RangeSize="25"/>
    <iterator id="POAmountView1Iterator" Binds="POAmountView1" DataControl="CommonAppModuleDataControl" RangeSize="25"/>
  </executables>
  <bindings>
    <list IterBinding="TimeCardHeaderIterator" StaticList="false"
          Uses="LOV_PoHeaderId" id="PoHeaderId" DTSupportsMRU="true"
          SelectItemValueMode="ListObject"/>
    <attributeValues IterBinding="TimeCardHeaderIterator"
                     id="POAmountRemaining">
      <AttrNames>
        <Item Value="POAmountRemaining"/>
      </AttrNames>
    </attributeValues>
    <attributeValues IterBinding="TimeCardHeaderIterator" id="PoType">
      <AttrNames>
        <Item Value="PoType"/>
      </AttrNames>
    </attributeValues>
    <attributeValues IterBinding="TimeCardHeaderIterator" id="RevisionNum">
      <AttrNames>
        <Item Value="RevisionNum"/>
      </AttrNames>
    </attributeValues>
    <attributeValues IterBinding="TimeCardHeaderIterator" id="NoteToSupplier">
      <AttrNames>
        <Item Value="NoteToSupplier"/>
      </AttrNames>
    </attributeValues>
    <attributeValues IterBinding="TimeCardHeaderIterator" id="WeekEnd">
      <AttrNames>
        <Item Value="WeekEnd"/>
      </AttrNames>
    </attributeValues>
    <attributeValues IterBinding="TimeCardHeaderIterator" id="TimeCardNumber">
      <AttrNames>
        <Item Value="TimeCardNumber"/>
      </AttrNames>
    </attributeValues>
    <tree IterBinding="TimeCardLineIterator" id="TimeCardLine">
      <nodeDefinition DefName="com.infy.semintegration.common.model.view.TimeCardLineView"
                      Name="TimeCardLine0">
        <AttrNames>
          <Item Value="PoLineId"/>
          <Item Value="EntryType"/>
          <Item Value="Status"/>
          <Item Value="TotalAmount"/>
          <Item Value="SelectedFlag" Binds="SelectedFlag"/>
          <Item Value="TimeCardLineId"/>
          <Item Value="TimeCardLineNumber"/>
          <Item Value="LineStatus"/>
        </AttrNames>
      </nodeDefinition>
    </tree>
    <tree IterBinding="LaborChargesIterator" id="LaborCharges">
      <nodeDefinition DefName="com.infy.semintegration.common.model.view.LaborChargesView" Name="LaborCharges0">
        <AttrNames>
          <Item Value="RoleType"/>
          <Item Value="Role"/>
          <Item Value="Region"/>
          <Item Value="WorkType"/>
          <Item Value="RateType"/>
          <Item Value="ConsultantName"/>
          <Item Value="Uom"/>
          <Item Value="WeekHours"/>
          <Item Value="Day1Hours"/>
          <Item Value="Day2Hours"/>
          <Item Value="Day3Hours"/>
          <Item Value="Day4Hours"/>
          <Item Value="Day5Hours"/>
          <Item Value="Day6Hours"/>
          <Item Value="Day7Hours"/>
          <Item Value="Amount"/>
          <Item Value="RateCardId"/>
        </AttrNames>
      </nodeDefinition>
    </tree>
    <tree IterBinding="MaterialChargesIterator" id="MaterialCharges">
      <nodeDefinition DefName="com.infy.semintegration.common.model.view.MaterialChargesView"
                      Name="MaterialCharges0">
        <AttrNames>
          <Item Value="ItemDescription"/>
          <Item Value="Quantity"/>
          <Item Value="Uom"/>
          <Item Value="Price"/>
          <Item Value="Comments"/>
          <Item Value="Amount"/>
        </AttrNames>
      </nodeDefinition>
    </tree>
    <tree IterBinding="OtherExpensesIterator" id="OtherExpenses">
      <nodeDefinition DefName="com.infy.semintegration.common.model.view.OtherExpensesView"
                      Name="OtherExpenses0">
        <AttrNames>
          <Item Value="ExpensesType"/>
          <Item Value="ExpensesDescription"/>
          <Item Value="Amount"/>
          <Item Value="Comments"/>
        </AttrNames>
      </nodeDefinition>
    </tree>
    <action id="Rollback" RequiresUpdateModel="false"
            Action="rollbackTransaction"
            DataControl="CommonAppModuleDataControl"/>
    <action IterBinding="TimeCardLineIterator" id="CreateTimeCardLine"
            RequiresUpdateModel="true" Action="createInsertRow"
            InstanceName="CommonAppModuleDataControl.TimeCardLine"
            DataControl="CommonAppModuleDataControl"/>
    <action IterBinding="LaborChargesIterator" id="CreateLaborExpenses"
            RequiresUpdateModel="true" Action="createInsertRow"
            InstanceName="CommonAppModuleDataControl.LaborCharges"
            DataControl="CommonAppModuleDataControl"/>
    <action IterBinding="LaborChargesIterator" id="DeleteLaborExpense"
            RequiresUpdateModel="false" Action="removeCurrentRow"
            InstanceName="CommonAppModuleDataControl.LaborCharges"
            DataControl="CommonAppModuleDataControl"/>
    <action IterBinding="MaterialChargesIterator" id="CreateMaterialExpense"
            RequiresUpdateModel="true" Action="createInsertRow"
            InstanceName="CommonAppModuleDataControl.MaterialCharges"
            DataControl="CommonAppModuleDataControl"/>
    <action IterBinding="MaterialChargesIterator" id="DeleteMaterialExpense"
            RequiresUpdateModel="false" Action="removeCurrentRow"
            InstanceName="CommonAppModuleDataControl.MaterialCharges"
            DataControl="CommonAppModuleDataControl"/>
    <action IterBinding="OtherExpensesIterator" id="CreateOtherCharges"
            RequiresUpdateModel="true" Action="createInsertRow"
            InstanceName="CommonAppModuleDataControl.OtherExpenses"
            DataControl="CommonAppModuleDataControl"/>
    <action IterBinding="OtherExpensesIterator" id="DeleteOtherCharges"
            RequiresUpdateModel="false" Action="removeCurrentRow"
            InstanceName="CommonAppModuleDataControl.OtherExpenses"
            DataControl="CommonAppModuleDataControl"/>
    <action IterBinding="TimeCardLineIterator" id="DeleteTimeCardLine"
            InstanceName="CommonAppModuleDataControl.TimeCardLine"
            DataControl="CommonAppModuleDataControl" RequiresUpdateModel="false"
            Action="removeCurrentRow"/>
    <button IterBinding="TimeCardLineIterator" id="SelectedFlag"
            DTSupportsMRU="false" StaticList="true">
      <AttrNames>
        <Item Value="SelectedFlag"/>
      </AttrNames>
      <ValueList>
        <Item Value="Y"/>
        <Item Value="N"/>
      </ValueList>
    </button>
    <action id="Commit" DataControl="CommonAppModuleDataControl"
            RequiresUpdateModel="true" Action="commitTransaction"/>
    <attributeValues IterBinding="TimeCardLineIterator" id="EntryType">
      <AttrNames>
        <Item Value="EntryType"/>
      </AttrNames>
    </attributeValues>
    <action IterBinding="RatesForTimeCardsIterator" id="FetchRates"
            InstanceName="CommonAppModuleDataControl.RatesForTimeCards"
            DataControl="CommonAppModuleDataControl" RequiresUpdateModel="true"
            Action="executeWithParams">
      <NamedData NDName="bPoHeaderId" NDType="java.lang.String"/>
      <NamedData NDName="bSupplierId" NDType="java.lang.String"/>
      <NamedData NDName="bSupplierSiteId" NDType="java.lang.String"/>
      <NamedData NDName="bRateType" NDType="java.lang.String"/>
      <NamedData NDName="bRegion" NDType="java.lang.String"/>
      <NamedData NDName="bRoleType" NDType="java.lang.String"/>
      <NamedData NDName="bWorkType" NDType="java.lang.String"/>
      <NamedData NDName="bRole" NDType="java.lang.String"/>
      <NamedData NDName="bUom" NDType="java.lang.String"/>
      <NamedData NDName="bWeekendDate" NDType="oracle.jbo.domain.Date"/>
    </action>
    <attributeValues IterBinding="TimeCardHeaderIterator" id="PoHeaderId1">
      <AttrNames>
        <Item Value="PoHeaderId"/>
      </AttrNames>
    </attributeValues>
    <attributeValues IterBinding="TimeCardHeaderIterator" id="SupplierId">
      <AttrNames>
        <Item Value="SupplierId"/>
      </AttrNames>
    </attributeValues>
    <attributeValues IterBinding="TimeCardHeaderIterator" id="SupplierSiteId">
      <AttrNames>
        <Item Value="SupplierSiteId"/>
      </AttrNames>
    </attributeValues>
    <attributeValues IterBinding="TimeCardHeaderIterator" id="FullName">
      <AttrNames>
        <Item Value="FullName"/>
      </AttrNames>
    </attributeValues>
    <attributeValues IterBinding="TimeCardApproverViewIterator" id="FullName1">
      <AttrNames>
        <Item Value="FullName"/>
      </AttrNames>
    </attributeValues>
    <action IterBinding="TimeCardApproverViewIterator" id="ExecuteApprover" RequiresUpdateModel="true"
            Action="executeWithParams">
      <NamedData NDName="bPONum" NDValue="#{backingBeanScope.TimeCardBackingBean.poId}" NDType="java.lang.String"/>
    </action>
    <list IterBinding="TimeCardApproverViewIterator" id="FullName2" DTSupportsMRU="true"
          SelectItemValueMode="ListObject" StaticList="false" ListIter="TimeCardHeaderIterator">
      <AttrNames>
        <Item Value="PoHeaderId"/>
      </AttrNames>
      <ListAttrNames>
        <Item Value="PoHeaderId"/>
      </ListAttrNames>
      <ListDisplayAttrNames>
        <Item Value="FullName"/>
      </ListDisplayAttrNames>
    </list>
    <attributeValues IterBinding="POHeaderViewIterator1" id="AmountLimit">
      <AttrNames>
        <Item Value="AgreementAmount"/>
      </AttrNames>
    </attributeValues>
    <attributeValues IterBinding="POHeaderViewIterator" id="AgreementAmount">
      <AttrNames>
        <Item Value="AgreementAmount"/>
      </AttrNames>
    </attributeValues>
    <listOfValues IterBinding="TimeCardHeaderIterator" StaticList="false" Uses="LOV_PoHeaderId" id="PoHeaderId2"/>
  </bindings>
</pageDefinition>
