<?xml version = '1.0' encoding = 'UTF-8' standalone = 'yes'?>
<jazn-data xmlns:xsi="http://www.w3.org/2001/XMLSchema-instance"
           xsi:noNamespaceSchemaLocation="http://xmlns.oracle.com/oracleas/schema/jazn-data.xsd">
    <jazn-realm default="jazn.com">
        <realm>
            <name>jazn.com</name>
            <roles>
                <role>
                    <name>EnterpriseRole1</name>
                    <display-name></display-name>
                    <description></description>
                </role>
                <role>
                    <name>EnterpriseRole2</name>
                    <display-name></display-name>
                    <description></description>
                </role>
            </roles>
        </realm>
    </jazn-realm>
    <policy-store>
        <applications>
            <application>
                <name>LoginPOC</name>
                <app-roles>
                    <app-role>
                        <name>Role1</name>
                        <class>oracle.security.jps.service.policystore.ApplicationRole</class>
                        <members>
                            <member>
                                <class>oracle.security.jps.internal.core.principals.JpsXmlEnterpriseRoleImpl</class>
                                <name>EnterpriseRole1</name>
                            </member>
                        </members>
                    </app-role>
                    <app-role>
                        <name>Role2</name>
                        <class>oracle.security.jps.service.policystore.ApplicationRole</class>
                        <members>
                            <member>
                                <class>oracle.security.jps.internal.core.principals.JpsXmlEnterpriseRoleImpl</class>
                                <name>EnterpriseRole2</name>
                            </member>
                        </members>
                    </app-role>
                </app-roles>
                <jazn-policy>
                    <grant>
                        <grantee>
                            <principals>
                                <principal>
                                    <class>oracle.security.jps.internal.core.principals.JpsXmlEnterpriseRoleImpl</class>
                                    <name>EnterpriseRole1</name>
                                </principal>
                            </principals>
                        </grantee>
                        <permissions>
                            <permission>
                                <class>oracle.adf.share.security.authorization.RegionPermission</class>
                                <name>view.pageDefs.MainPagePageDef</name>
                                <actions>view</actions>
                            </permission>
                        </permissions>
                    </grant>
                    <grant>
                        <grantee>
                            <principals>
                                <principal>
                                    <class>oracle.security.jps.internal.core.principals.JpsXmlEnterpriseRoleImpl</class>
                                    <name>EnterpriseRole2</name>
                                </principal>
                            </principals>
                        </grantee>
                        <permissions>
                            <permission>
                                <class>oracle.adf.share.security.authorization.RegionPermission</class>
                                <name>view.pageDefs.MainPagePageDef</name>
                                <actions>view</actions>
                            </permission>
                        </permissions>
                    </grant>
                </jazn-policy>
            </application>
        </applications>
    </policy-store>
    <system-policy/>
</jazn-data>
