<?xml version = '1.0' encoding = 'UTF-8' standalone = 'yes'?>
<jazn-data xmlns:xsi="http://www.w3.org/2001/XMLSchema-instance"
           xsi:noNamespaceSchemaLocation="http://xmlns.oracle.com/oracleas/schema/jazn-data-11_0.xsd">
  <jazn-realm default="jazn.com">
    <realm>
      <name>jazn.com</name>
      <users>
        <user>
          <name>Admin</name>
          <display-name>Admin</display-name>
          <description>Admin user</description>
          <credentials>{903}MAG7ynjV53sHH1uBr0t8xquDRmIKetbO</credentials>
        </user>
        <user>
          <name>Sourav_Kumar01@infosys.com</name>
          <display-name>Sourav_Kumar01@infosys.com</display-name>
          <credentials>{903}3r3rcBws1i9neUxaSGK84dVi+Pszsj7J</credentials>
        </user>
        <user>
          <name>kiran_mathew@infosys.com</name>
          <display-name>kiran_mathew@infosys.com</display-name>
          <credentials>{903}GW5bTXtqF0WN50mmw/w6yD/3QtyHi/SCnQb/HH9U5rQ=</credentials>
        </user>
      </users>
      <roles>
        <role>
          <name>SUPPLIER</name>
        </role>
        <role>
          <name>BUYER</name>
          <display-name>BUYER</display-name>
        </role>
      </roles>
    </realm>
  </jazn-realm>
  <policy-store>
    <applications>
      <application>
        <name>MESIntegrationApp</name>
        <app-roles>
          <app-role>
            <name>test-all</name>
            <class>oracle.security.jps.service.policystore.ApplicationRole</class>
            <display-name>test-all</display-name>
            <members>
              <member>
                <name>anonymous-role</name>
                <class>oracle.security.jps.internal.core.principals.JpsAnonymousRoleImpl</class>
              </member>
            </members>
          </app-role>
          <app-role>
            <name>admin</name>
            <class>oracle.security.jps.service.policystore.ApplicationRole</class>
            <display-name>Admin</display-name>
            <description>Admin Role</description>
            <members>
              <member>
                <name>authenticated-role</name>
                <class>oracle.security.jps.internal.core.principals.JpsAuthenticatedRoleImpl</class>
              </member>
              <member>
                <name>Admin</name>
                <class>oracle.security.jps.internal.core.principals.JpsXmlUserImpl</class>
              </member>
            </members>
          </app-role>
          <app-role>
            <name>AuthenticatedUser</name>
            <class>oracle.security.jps.service.policystore.ApplicationRole</class>
            <display-name>Authenticated User</display-name>
            <description>Authenticated User</description>
            <members>
              <member>
                <name>authenticated-role</name>
                <class>oracle.security.jps.internal.core.principals.JpsAuthenticatedRoleImpl</class>
              </member>
              <member>
                <name>Sourav_Kumar01@infosys.com</name>
                <class>oracle.security.jps.internal.core.principals.JpsXmlUserImpl</class>
              </member>
              <member>
                <name>kiran_mathew@infosys.com</name>
                <class>oracle.security.jps.internal.core.principals.JpsXmlUserImpl</class>
              </member>
            </members>
          </app-role>
        </app-roles>
        <resource-types>
          <resource-type>
            <name>TaskFlowResourceType</name>
            <display-name>Task Flow</display-name>
            <description>Task Flow resource type</description>
            <matcher-class>oracle.adf.controller.security.TaskFlowPermission</matcher-class>
            <actions-delimiter>,</actions-delimiter>
            <actions>view,customize,grant,personalize</actions>
          </resource-type>
          <resource-type>
            <name>RegionResourceType</name>
            <display-name>Web Page</display-name>
            <description>Region resource type</description>
            <matcher-class>oracle.adf.share.security.authorization.RegionPermission</matcher-class>
            <actions-delimiter>,</actions-delimiter>
            <actions>view,customize,grant,personalize</actions>
          </resource-type>
        </resource-types>
        <resources>
          <resource>
            <name>/com/infy/semintegration/common/taskflows/RateCardTaskFlow.xml#RateCardTaskFlow</name>
            <display-name>RateCardTaskFlow(/com/infy/semintegration/common/taskflows)</display-name>
            <description>/com/infy/semintegration/common/taskflows/RateCardTaskFlow.xml#RateCardTaskFlow</description>
            <type-name-ref>TaskFlowResourceType</type-name-ref>
          </resource>
          <resource>
            <name>/com/infy/semintegration/common/taskflows/TimeCardTaskFlow.xml#TimeCardTaskFlow</name>
            <display-name>TimeCardTaskFlow(/com/infy/semintegration/common/taskflows)</display-name>
            <description>/com/infy/semintegration/common/taskflows/TimeCardTaskFlow.xml#TimeCardTaskFlow</description>
            <type-name-ref>TaskFlowResourceType</type-name-ref>
          </resource>
          <resource>
            <name>com.infy.semintegration.common.pages.EditTimeCardPageDef</name>
            <display-name>EditTimeCard (com.infy.semintegration.common.pages)</display-name>
            <description>com.infy.semintegration.common.pages.EditTimeCardPageDef</description>
            <type-name-ref>RegionResourceType</type-name-ref>
          </resource>
          <resource>
            <name>com.infy.semintegration.common.pages.LoginPageDef</name>
            <display-name>Login (com.infy.semintegration.common.pages)</display-name>
            <description>com.infy.semintegration.common.pages.LoginPageDef</description>
            <type-name-ref>RegionResourceType</type-name-ref>
          </resource>
          <resource>
            <name>com.infy.semintegration.common.pages.MainPageDef</name>
            <display-name>Main (com.infy.semintegration.common.pages)</display-name>
            <description>com.infy.semintegration.common.pages.MainPageDef</description>
            <type-name-ref>RegionResourceType</type-name-ref>
          </resource>
          <resource>
            <name>com.infy.semintegration.common.pages.RateCardSearchPageDef</name>
            <display-name>RateCardSearch (com.infy.semintegration.common.pages)</display-name>
            <description>com.infy.semintegration.common.pages.RateCardSearchPageDef</description>
            <type-name-ref>RegionResourceType</type-name-ref>
          </resource>
          <resource>
            <name>com.infy.semintegration.common.pages.TimeCardSearchPageDef</name>
            <display-name>TimeCardSearch (com.infy.semintegration.common.pages)</display-name>
            <description>com.infy.semintegration.common.pages.TimeCardSearchPageDef</description>
            <type-name-ref>RegionResourceType</type-name-ref>
          </resource>
          <resource>
            <name>com.infy.semintegration.common.taskflows.RateCardTaskFlow_RateCardTaskFlow_CreateInsertPageDef</name>
            <display-name>RateCardTaskFlow_RateCardTaskFlow_CreateInsert (com.infy.semintegration.common.taskflows)</display-name>
            <description>com.infy.semintegration.common.taskflows.RateCardTaskFlow_RateCardTaskFlow_CreateInsertPageDef</description>
            <type-name-ref>RegionResourceType</type-name-ref>
          </resource>
          <resource>
            <name>com.infy.semintegration.common.taskflows.TimeCardTaskFlow_TimeCardTaskFlow_CreateInsertPageDef</name>
            <display-name>TimeCardTaskFlow_TimeCardTaskFlow_CreateInsert (com.infy.semintegration.common.taskflows)</display-name>
            <description>com.infy.semintegration.common.taskflows.TimeCardTaskFlow_TimeCardTaskFlow_CreateInsertPageDef</description>
            <type-name-ref>RegionResourceType</type-name-ref>
          </resource>
          <resource>
            <name>com.infy.semintegration.common.taskflows.TimeCardTaskFlow_TimeCardTaskFlow_ExecuteWithParamsPageDef</name>
            <display-name>TimeCardTaskFlow_TimeCardTaskFlow_ExecuteWithParams (com.infy.semintegration.common.taskflows)</display-name>
            <description>com.infy.semintegration.common.taskflows.TimeCardTaskFlow_TimeCardTaskFlow_ExecuteWithParamsPageDef</description>
            <type-name-ref>RegionResourceType</type-name-ref>
          </resource>
          <resource>
            <name>com.infy.semintegration.common.view.pageDefs.EditRateCardPageDef</name>
            <display-name>EditRateCard (com.infy.semintegration.common.view.pageDefs)</display-name>
            <description>com.infy.semintegration.common.view.pageDefs.EditRateCardPageDef</description>
            <type-name-ref>RegionResourceType</type-name-ref>
          </resource>
          <resource>
            <name>com.infy.semintegration.common.view.pageDefs.LoginPageDef</name>
            <display-name>Login (com.infy.semintegration.common.view.pageDefs)</display-name>
            <description>com.infy.semintegration.common.view.pageDefs.LoginPageDef</description>
            <type-name-ref>RegionResourceType</type-name-ref>
          </resource>
          <resource>
            <name>com.infy.semintegration.common.pages.MainPagePageDef</name>
            <display-name>MainPage (com.infy.semintegration.common.pages)</display-name>
            <description>com.infy.semintegration.common.pages.MainPagePageDef</description>
            <type-name-ref>RegionResourceType</type-name-ref>
          </resource>
          <resource>
            <name>com.infy.semintegration.common.pages.RateCardEditPageDef</name>
            <display-name>RateCardEdit (com.infy.semintegration.common.pages)</display-name>
            <description>com.infy.semintegration.common.pages.RateCardEditPageDef</description>
            <type-name-ref>RegionResourceType</type-name-ref>
          </resource>
          <resource>
            <name>com.infy.semintegration.common.pages.RateCardsPageDef</name>
            <display-name>RateCards (com.infy.semintegration.common.pages)</display-name>
            <description>com.infy.semintegration.common.pages.RateCardsPageDef</description>
            <type-name-ref>RegionResourceType</type-name-ref>
          </resource>
          <resource>
            <name>com.infy.semintegration.common.pages.TimeCardEditPageDef</name>
            <display-name>TimeCardEdit (com.infy.semintegration.common.pages)</display-name>
            <description>com.infy.semintegration.common.pages.TimeCardEditPageDef</description>
            <type-name-ref>RegionResourceType</type-name-ref>
          </resource>
          <resource>
            <name>com.infy.semintegration.common.pages.TimeCardsPageDef</name>
            <display-name>TimeCards (com.infy.semintegration.common.pages)</display-name>
            <description>com.infy.semintegration.common.pages.TimeCardsPageDef</description>
            <type-name-ref>RegionResourceType</type-name-ref>
          </resource>
          <resource>
            <name>com.infy.semintegration.common.taskflows.RateCardTaskFlow_RateCardTaskFlow_ApplyUserRestrictionsPageDef</name>
            <display-name>RateCardTaskFlow_RateCardTaskFlow_ApplyUserRestrictions (com.infy.semintegration.common.taskflows)</display-name>
            <description>com.infy.semintegration.common.taskflows.RateCardTaskFlow_RateCardTaskFlow_ApplyUserRestrictionsPageDef</description>
            <type-name-ref>RegionResourceType</type-name-ref>
          </resource>
          <resource>
            <name>com.infy.semintegration.common.taskflows.TimeCardTaskFlow_TimeCardTaskFlow_ApplyUserRestrictionsPageDef</name>
            <display-name>TimeCardTaskFlow_TimeCardTaskFlow_ApplyUserRestrictions (com.infy.semintegration.common.taskflows)</display-name>
            <description>com.infy.semintegration.common.taskflows.TimeCardTaskFlow_TimeCardTaskFlow_ApplyUserRestrictionsPageDef</description>
            <type-name-ref>RegionResourceType</type-name-ref>
          </resource>
        </resources>
        <permission-sets>
          <permission-set>
            <name>MESIntegration</name>
            <member-resources>
              <member-resource>
                <resource-name>/com/infy/semintegration/common/taskflows/RateCardTaskFlow.xml#RateCardTaskFlow</resource-name>
                <type-name-ref>TaskFlowResourceType</type-name-ref>
                <display-name>RateCardTaskFlow(/com/infy/semintegration/common/taskflows)</display-name>
                <actions>view</actions>
              </member-resource>
              <member-resource>
                <resource-name>/com/infy/semintegration/common/taskflows/TimeCardTaskFlow.xml#TimeCardTaskFlow</resource-name>
                <type-name-ref>TaskFlowResourceType</type-name-ref>
                <display-name>TimeCardTaskFlow(/com/infy/semintegration/common/taskflows)</display-name>
                <actions>view</actions>
              </member-resource>
              <member-resource>
                <resource-name>com.infy.semintegration.common.pages.EditTimeCardPageDef</resource-name>
                <type-name-ref>RegionResourceType</type-name-ref>
                <display-name>EditTimeCard (com.infy.semintegration.common.pages)</display-name>
                <actions>view</actions>
              </member-resource>
              <member-resource>
                <resource-name>com.infy.semintegration.common.pages.LoginPageDef</resource-name>
                <type-name-ref>RegionResourceType</type-name-ref>
                <display-name>Login (com.infy.semintegration.common.pages)</display-name>
                <actions>view</actions>
              </member-resource>
              <member-resource>
                <resource-name>com.infy.semintegration.common.pages.MainPageDef</resource-name>
                <type-name-ref>RegionResourceType</type-name-ref>
                <display-name>Main (com.infy.semintegration.common.pages)</display-name>
                <actions>view</actions>
              </member-resource>
              <member-resource>
                <resource-name>com.infy.semintegration.common.pages.RateCardSearchPageDef</resource-name>
                <type-name-ref>RegionResourceType</type-name-ref>
                <display-name>RateCardSearch (com.infy.semintegration.common.pages)</display-name>
                <actions>view</actions>
              </member-resource>
              <member-resource>
                <resource-name>com.infy.semintegration.common.pages.TimeCardSearchPageDef</resource-name>
                <type-name-ref>RegionResourceType</type-name-ref>
                <display-name>TimeCardSearch (com.infy.semintegration.common.pages)</display-name>
                <actions>view</actions>
              </member-resource>
              <member-resource>
                <resource-name>com.infy.semintegration.common.taskflows.RateCardTaskFlow_RateCardTaskFlow_CreateInsertPageDef</resource-name>
                <type-name-ref>RegionResourceType</type-name-ref>
                <display-name>RateCardTaskFlow_RateCardTaskFlow_CreateInsert (com.infy.semintegration.common.taskflows)</display-name>
                <actions>view</actions>
              </member-resource>
              <member-resource>
                <resource-name>com.infy.semintegration.common.taskflows.TimeCardTaskFlow_TimeCardTaskFlow_CreateInsertPageDef</resource-name>
                <type-name-ref>RegionResourceType</type-name-ref>
                <display-name>TimeCardTaskFlow_TimeCardTaskFlow_CreateInsert (com.infy.semintegration.common.taskflows)</display-name>
                <actions>view</actions>
              </member-resource>
              <member-resource>
                <resource-name>com.infy.semintegration.common.taskflows.TimeCardTaskFlow_TimeCardTaskFlow_ExecuteWithParamsPageDef</resource-name>
                <type-name-ref>RegionResourceType</type-name-ref>
                <display-name>TimeCardTaskFlow_TimeCardTaskFlow_ExecuteWithParams (com.infy.semintegration.common.taskflows)</display-name>
                <actions>view</actions>
              </member-resource>
              <member-resource>
                <resource-name>com.infy.semintegration.common.view.pageDefs.EditRateCardPageDef</resource-name>
                <type-name-ref>RegionResourceType</type-name-ref>
                <display-name>EditRateCard (com.infy.semintegration.common.view.pageDefs)</display-name>
                <actions>view</actions>
              </member-resource>
              <member-resource>
                <resource-name>com.infy.semintegration.common.view.pageDefs.LoginPageDef</resource-name>
                <type-name-ref>RegionResourceType</type-name-ref>
                <display-name>Login (com.infy.semintegration.common.view.pageDefs)</display-name>
                <actions>view</actions>
              </member-resource>
              <member-resource>
                <resource-name>com.infy.semintegration.common.pages.MainPagePageDef</resource-name>
                <type-name-ref>RegionResourceType</type-name-ref>
                <display-name>MainPage (com.infy.semintegration.common.pages)</display-name>
                <actions>view</actions>
              </member-resource>
              <member-resource>
                <resource-name>com.infy.semintegration.common.pages.RateCardEditPageDef</resource-name>
                <type-name-ref>RegionResourceType</type-name-ref>
                <display-name>RateCardEdit (com.infy.semintegration.common.pages)</display-name>
                <actions>view</actions>
              </member-resource>
              <member-resource>
                <resource-name>com.infy.semintegration.common.pages.RateCardsPageDef</resource-name>
                <type-name-ref>RegionResourceType</type-name-ref>
                <display-name>RateCards (com.infy.semintegration.common.pages)</display-name>
                <actions>view</actions>
              </member-resource>
              <member-resource>
                <resource-name>com.infy.semintegration.common.pages.TimeCardEditPageDef</resource-name>
                <type-name-ref>RegionResourceType</type-name-ref>
                <display-name>TimeCardEdit (com.infy.semintegration.common.pages)</display-name>
                <actions>view</actions>
              </member-resource>
              <member-resource>
                <resource-name>com.infy.semintegration.common.pages.TimeCardsPageDef</resource-name>
                <type-name-ref>RegionResourceType</type-name-ref>
                <display-name>TimeCards (com.infy.semintegration.common.pages)</display-name>
                <actions>view</actions>
              </member-resource>
              <member-resource>
                <resource-name>com.infy.semintegration.common.taskflows.RateCardTaskFlow_RateCardTaskFlow_ApplyUserRestrictionsPageDef</resource-name>
                <type-name-ref>RegionResourceType</type-name-ref>
                <display-name>RateCardTaskFlow_RateCardTaskFlow_ApplyUserRestrictions (com.infy.semintegration.common.taskflows)</display-name>
                <actions>view</actions>
              </member-resource>
              <member-resource>
                <resource-name>com.infy.semintegration.common.taskflows.TimeCardTaskFlow_TimeCardTaskFlow_ApplyUserRestrictionsPageDef</resource-name>
                <type-name-ref>RegionResourceType</type-name-ref>
                <display-name>TimeCardTaskFlow_TimeCardTaskFlow_ApplyUserRestrictions (com.infy.semintegration.common.taskflows)</display-name>
                <actions>view</actions>
              </member-resource>
            </member-resources>
          </permission-set>
        </permission-sets>
        <jazn-policy>
          <grant>
            <grantee>
              <principals>
                <principal>
                  <name>anonymous-role</name>
                  <class>oracle.security.jps.internal.core.principals.JpsAnonymousRoleImpl</class>
                </principal>
              </principals>
            </grantee>
            <permissions>
              <permission>
                <class>oracle.adf.share.security.authorization.RegionPermission</class>
                <name>com.infy.semintegration.common.view.pageDefs.LoginPageDef</name>
                <actions>view</actions>
              </permission>
            </permissions>
          </grant>
          <grant>
            <grantee>
              <principals>
                <principal>
                  <name>authenticated-role</name>
                  <class>oracle.security.jps.internal.core.principals.JpsAuthenticatedRoleImpl</class>
                </principal>
              </principals>
            </grantee>
            <permissions>
              <permission>
                <class>oracle.adf.controller.security.TaskFlowPermission</class>
                <name>/com/infy/semintegration/common/taskflowtemplates/BaseTaskFlowTemplate.xml#BaseTaskFlowTemplate</name>
                <actions>view</actions>
              </permission>
            </permissions>
            <permission-set-refs>
              <permission-set-ref>
                <name>MESIntegration</name>
              </permission-set-ref>
            </permission-set-refs>
          </grant>
        </jazn-policy>
      </application>
    </applications>
  </policy-store>
</jazn-data>
