<?xml version="1.0" encoding="windows-1252" ?>
<!DOCTYPE Entity SYSTEM "jbo_03_01.dtd">
<!---->
<Entity
  xmlns="http://xmlns.oracle.com/bc4j"
  Name="ItlUsers"
  Version="12.2.1.11.57"
  DBObjectType="table"
  DBObjectName="ITL_USERS"
  AliasName="ItlUsers"
  BindingStyle="OracleName">
  <Attribute
    Name="UserId"
    IsNotNull="true"
    ColumnName="USER_ID"
    SQLType="NUMERIC"
    Type="oracle.jbo.domain.Number"
    ColumnType="NUMBER"
    TableName="ITL_USERS"
    PrimaryKey="true">
    <DesignTime>
      <Attr Name="_DisplaySize" Value="39"/>
    </DesignTime>
  </Attribute>
  <Attribute
    Name="UserName"
    IsNotNull="true"
    Precision="80"
    ColumnName="USER_NAME"
    SQLType="VARCHAR"
    Type="java.lang.String"
    ColumnType="VARCHAR2"
    TableName="ITL_USERS">
    <DesignTime>
      <Attr Name="_DisplaySize" Value="80"/>
    </DesignTime>
  </Attribute>
  <Attribute
    Name="CreatedDate"
    IsNotNull="true"
    ColumnName="CREATED_DATE"
    SQLType="TIMESTAMP"
    Type="oracle.jbo.domain.Date"
    ColumnType="DATE"
    TableName="ITL_USERS">
    <DesignTime>
      <Attr Name="_DisplaySize" Value="7"/>
    </DesignTime>
  </Attribute>
  <Attribute
    Name="CreatedBy"
    IsNotNull="true"
    Precision="80"
    ColumnName="CREATED_BY"
    SQLType="VARCHAR"
    Type="java.lang.String"
    ColumnType="VARCHAR2"
    TableName="ITL_USERS">
    <DesignTime>
      <Attr Name="_DisplaySize" Value="80"/>
    </DesignTime>
  </Attribute>
  <Attribute
    Name="UpdatedDate"
    IsNotNull="true"
    ColumnName="UPDATED_DATE"
    SQLType="TIMESTAMP"
    Type="oracle.jbo.domain.Date"
    ColumnType="DATE"
    TableName="ITL_USERS">
    <DesignTime>
      <Attr Name="_DisplaySize" Value="7"/>
    </DesignTime>
  </Attribute>
  <Attribute
    Name="UpdatedBy"
    IsNotNull="true"
    Precision="80"
    ColumnName="UPDATED_BY"
    SQLType="VARCHAR"
    Type="java.lang.String"
    ColumnType="VARCHAR2"
    TableName="ITL_USERS">
    <DesignTime>
      <Attr Name="_DisplaySize" Value="80"/>
    </DesignTime>
  </Attribute>
  <Attribute
    Name="EmployeeId"
    ColumnName="EMPLOYEE_ID"
    SQLType="NUMERIC"
    Type="oracle.jbo.domain.Number"
    ColumnType="NUMBER"
    TableName="ITL_USERS">
    <DesignTime>
      <Attr Name="_DisplaySize" Value="39"/>
    </DesignTime>
  </Attribute>
  <Key
    Name="ItlUsersPk"
    PrimaryKey="true">
    <DesignTime>
      <Attr Name="_DBObjectName" Value="ITL_USERS_PK"/>
    </DesignTime>
    <AttrArray Name="Attributes">
      <Item
        Value="com.infy.semintegration.common.model.entities.ItlUsers.UserId"/>
    </AttrArray>
  </Key>
  <Key
    Name="SysC008440">
    <DesignTime>
      <Attr Name="_DBObjectName" Value="SYS_C008440"/>
      <Attr Name="_checkCondition" Value='"USER_ID" IS NOT NULL'/>
      <Attr Name="_isCheck" Value="true"/>
    </DesignTime>
    <AttrArray Name="Attributes">
      <Item
        Value="com.infy.semintegration.common.model.entities.ItlUsers.UserId"/>
    </AttrArray>
  </Key>
  <Key
    Name="SysC008441">
    <DesignTime>
      <Attr Name="_DBObjectName" Value="SYS_C008441"/>
      <Attr Name="_checkCondition" Value='"USER_NAME" IS NOT NULL'/>
      <Attr Name="_isCheck" Value="true"/>
    </DesignTime>
    <AttrArray Name="Attributes">
      <Item
        Value="com.infy.semintegration.common.model.entities.ItlUsers.UserName"/>
    </AttrArray>
  </Key>
  <Key
    Name="SysC008442">
    <DesignTime>
      <Attr Name="_DBObjectName" Value="SYS_C008442"/>
      <Attr Name="_checkCondition" Value='"PARTY_ID" IS NOT NULL'/>
      <Attr Name="_isCheck" Value="true"/>
    </DesignTime>
  </Key>
  <Key
    Name="SysC008443">
    <DesignTime>
      <Attr Name="_DBObjectName" Value="SYS_C008443"/>
      <Attr Name="_checkCondition" Value='"CREATED_DATE" IS NOT NULL'/>
      <Attr Name="_isCheck" Value="true"/>
    </DesignTime>
    <AttrArray Name="Attributes">
      <Item
        Value="com.infy.semintegration.common.model.entities.ItlUsers.CreatedDate"/>
    </AttrArray>
  </Key>
  <Key
    Name="SysC008444">
    <DesignTime>
      <Attr Name="_DBObjectName" Value="SYS_C008444"/>
      <Attr Name="_checkCondition" Value='"CREATED_BY" IS NOT NULL'/>
      <Attr Name="_isCheck" Value="true"/>
    </DesignTime>
    <AttrArray Name="Attributes">
      <Item
        Value="com.infy.semintegration.common.model.entities.ItlUsers.CreatedBy"/>
    </AttrArray>
  </Key>
  <Key
    Name="SysC008445">
    <DesignTime>
      <Attr Name="_DBObjectName" Value="SYS_C008445"/>
      <Attr Name="_checkCondition" Value='"UPDATED_DATE" IS NOT NULL'/>
      <Attr Name="_isCheck" Value="true"/>
    </DesignTime>
    <AttrArray Name="Attributes">
      <Item
        Value="com.infy.semintegration.common.model.entities.ItlUsers.UpdatedDate"/>
    </AttrArray>
  </Key>
  <Key
    Name="SysC008446">
    <DesignTime>
      <Attr Name="_DBObjectName" Value="SYS_C008446"/>
      <Attr Name="_checkCondition" Value='"UPDATED_BY" IS NOT NULL'/>
      <Attr Name="_isCheck" Value="true"/>
    </DesignTime>
    <AttrArray Name="Attributes">
      <Item
        Value="com.infy.semintegration.common.model.entities.ItlUsers.UpdatedBy"/>
    </AttrArray>
  </Key>
</Entity>
